圖片,品牌,產品名稱,子分類,口味,規格,價格,產品描述
"[""food_snake1_1_pic1.jpg"";""food_snake1_1_pic2.jpg""]",汪喵星球,即期品專區 - 原肉零食 (多種口味),"[""凍乾拌料"";""即期品專區""]","[""咬咬雞胗50g"";""爆蛋柳葉魚40g""]","[""""]",[120;180],汪喵凍乾小零嘴可常溫保存，因採用目前最好的「冷凍乾燥技術製作」除食材本身營養無其他添加物，給毛孩自然無負擔的寵愛。以上圖文資訊來源：汪喵星球官方網站https://www.dogcatstar.com/
"[""food_snake1_2_pic1.jpg"";""food_snake1_2_pic2.jpg"";""food_snake1_2_pic3.jpg"";""food_snake1_2_pic4.jpg"";""food_snake1_2_pic5.jpg""]",朝貢 조공,深層潔牙骨 (犬用),"[""潔牙骨""]","[""山羊奶""]","[""140g""]",[380],●高度10mm的扁平設計深層式照護潔牙●不會對顳顎關節造成任何壓力●根據實際口腔結構設計的潔牙骨●不用水解蛋白質任何顏料或香料●不硬但可以咀嚼多次的配方
"[""food_snake1_3_pic5.jpg""]",舒服樂,寵兒愛喝水 - 高溶氧水,"[""牛奶飲品""]","[""高溶氧水-300ml""]","[""""]",[35],●高含氧量●無菌●小分子團●無塑膠微粒●品質認證
"[""food_snake1_4_pic1.jpg"";""food_snake1_4_pic2.jpg""]",洛倫滋,寵物蔬果肉泥 (多種口味),"[""肉乾肉條""]","[""紅薯X甜南瓜"";""紅薯X蘋果"";""蜂蜜X草莓"";""山羊奶X草莓"";""紅薯X鴨胸肉"";""紅薯X雞胸肉""]","[""15g/8入""]",[299;330;299;330;299;330;299;330;299;330;299;330],韓國LORENZ推出的寵物蔬果泥系列，由天然水果和蔬菜製成，不含任何添加劑、色素和防腐劑，含有豐富的維生素、礦物質、纖維素和天然抗氧化劑
"[""food_snake1_5_pic1.jpg"";""food_snake1_5_pic2.jpg"";""food_snake1_5_pic3.jpg"";""food_snake1_5_pic4.jpg"";""food_snake1_5_pic5.jpg""]",想比比,超心凍系列凍乾零食 (多種口味),"[""凍乾拌料""]","[""新鮮優質雞胸肉"";""新鮮優質雞里肌"";""高蛋白質火雞肉"";""酥脆爆蛋柳葉魚"";""高鈣海味丁香魚"";""鮮嫩無刺虱目魚"";""紐西蘭綠唇貽貝"";""日本熟食帆立貝"";""特級嚴選鮮大蝦"";""北海道極品干貝"";""酥脆熟凍鮮小卷""]","[""50g""]",[170;170;170;180;180;180;220;220;250;300;180],● 使用頂級的「冷凍乾燥」技術，有別於以往的高溫烘烤更健康！● 想比比選用人食等級的食材製作，天然無添加，奴才們也可以食用哦！● 通過專業認證● 全系列原肉凍乾零食通過重金屬檢驗
"[""food_snake1_6_pic1.jpg"";""food_snake1_6_pic2.jpg""]",陪心寵糧,Oh!Hi!YO無糖優格條 (多種口味),"[""肉泥""]","[""原味"";""起司"";""藍莓"";""雙莓"";""羊乳""]","[""2g/4入""]",[99],●天然無糖優格，日常補鈣好選擇●零食兼保健，四種口味天天吃也不會膩●『專利芽孢乳酸菌』耐胃酸、耐熱、穩定性佳●添加腸道益生元『菊苣纖維』，保護毛孩腸道●無穀物、無防腐劑、無色素，毛孩安心食用●適合全齡犬貓食用
"[""food_snake1_7_pic1.jpg"";""food_snake1_7_pic2.jpg""]",陪心寵糧,初牧頂級鮮羊乳,"[""牛奶飲品""]","[""喝羊奶""]","[""60ml(7入/盒)""]",[390],●嚴選乳源，成分單純，口口濃醇香●豐富礦物質鉀、鈣、鎂，骨骼發育、鈣質補充●脂肪顆粒較牛奶小，毛孩腸胃更好吸收●豐富維生素『葉酸』，有效利用蛋白質及胺基酸●絕無添加澱粉、穀物、香精、色素、防腐劑●已投保產品責任險，適合全齡犬貓食用
"[""food_snake1_8_pic1.jpg"";""food_snake1_8_pic2.jpg""]",咬一口,寵物低磷肉泥 (多種口味),"[""肉泥""]","[""雞肉泥"";""牛肉泥"";""鹿肉泥"";""鴨肉泥"";""鮭魚泥"";""莓果泥"";""蔬菜泥"";""羊肉泥""]","[""40g""]",[59],不只是零食，更是低磷零食及拌藥獎勵好夥伴！●人用級原料●高溫蒸煮殺菌●絕佳鈣磷比●適口性極佳●牛磺酸添加●100%台灣製造
"[""food_snake1_9_pic1.jpg"";""food_snake1_9_pic2.jpg"";""food_snake1_9_pic3.jpg"";""food_snake1_9_pic4.jpg"";""food_snake1_9_pic5.jpg""]",Peperoni,寵物零食肉丁 (多種口味),"[""凍乾拌料""]","[""鮭魚"";""牛肉"";""香濃起司"";""地瓜起司"";""昆布海藻"";""胡蘿蔔地瓜"";""混搭隨身包"";""雞肉""]","[""180g""]",[200;200;200;200;200;200;800;200],"●質地柔軟，高齡犬也能咬得動！●含有維生素Ａ,維生素Ｂ和葡萄糖胺，有助於關節健康●韓國原裝進口！無分裝！最新效期！"
"[""food_snake1_10_pic1.jpg"";""food_snake1_10_pic2.jpg"";""food_snake1_10_pic3.jpg""]",毛孩食務所,毛孩有狗棒 (多種口味),"[""肉乾肉條""]","[""牛肉山藥"";""雞肉茯苓"";""羊肉枸杞""]","[""30g""]",[50],●漢方大補帖加入茯苓、山藥、枸杞●是零食也是補品毛孩潔牙同時滋養身體●肉品經過食藥署檢驗吃的更安心
"[""food_snake1_11_pic3.jpg""]",汪洽普,狗狗凍乾零食 (多種口味),"[""凍乾拌料""]","[""雞胸肉"";""牛肝"";""馬肉"";""鱈魚"";""鮭魚"";""爆蛋毛鱗魚"";""鮪魚"";""比目魚"";""蝶魚"";""魷魚""]","[""110g""]",[390;360;490;330;330;285;450;390;345;390],● 100%新鮮雞胸肉製成，高蛋白質低脂肪低熱量，不用擔心毛孩發福● 單獨當作零食餵食，亦可加入飼料增加適口性● HACCP認證工廠，守護食品安全，品質有保障● -40℃冷凍乾燥技術，保留食物完整營養價值● 純天然食材製成，無添加防腐劑或人工色素
"[""food_snake1_12_pic3.jpg""]",陪心寵糧,紓壓肉肉零食 (多種口味),"[""肉乾肉條""]","[""巴西里雞胸肉片"";""奧勒岡牛肉條"";""迷迭香雞肉啵棒"";""迷迭香鮭魚雞肉啵棒"";""薰衣草雞肉香香餅"";""洋甘菊牛肉香香餅""]","[""50g""]",[169],洋甘菊牛肉香香餅● 100％肉類烘製而成，不添加大豆蛋白與澱粉● 通過農藥殘留檢驗的食品級花草，天然安神食材，主人放心、毛孩放鬆● 新鮮磨製的肉泥揉入安神花草-洋甘菊，讓肉香多融合了一份天然的花草香氣與繽紛色澤● 讓毛孩享用時，能同時滿足味蕾，讓毛孩吃得香香、睡得好好/迷迭香鮭魚雞肉啵棒● 專為毛孩飲食特性設計的肉丁薄片條● 100%鮮肉細磨烘焙，美味好嚼、營養好吸收● 新鮮雞肉磨細成適合毛孩輕咬吞食的細度，再以手工裁切成方便毛孩舔食的壓丁薄片● 輕輕一折、小小一片，讓主子卡滋卡滋的每一口，都有滿滿肉香、大大滿足/巴西里雞胸肉片● 100％肉類烘製而成，不添加大豆蛋白與澱粉● 通過農藥殘留檢驗的食品級香草，天然草本香料增添特殊風味● 新鮮原肉切片，撒上天然草本香料-巴西里，濃厚肉香與香草的搭配● 不只昇華香氣與美味，更能幫助毛孩提振精神● 本產品使用新鮮食材手工烘焙製成，可能產生軟硬口感些微差異/奧勒岡牛肉條● 100％肉類烘製而成，不添加大豆蛋白與澱粉● 通過農藥殘留檢驗的食品級香草，天然草本香料增添特殊風味，更具有幫助消化、提振精神等功效● 新鮮肉磨製而成的肉條，撒上天然草本香料-奧勒岡，濃厚肉香與香草的搭配● 不只昇華香氣與美味，更能幫助毛孩提振精神● 本產品使用新鮮食材手工烘焙製成，可能產生軟硬口感些微差異/薰衣草雞肉香香餅● 100％肉類烘製而成，不添加大豆蛋白與澱粉● 通過農藥殘留檢驗的食品級花草，天然安神食材，主人放心、毛孩放鬆● 新鮮磨製的肉泥揉入安神花草-薰衣草，讓肉香多融合了一份天然的花草香氣與繽紛色澤● 讓毛孩享用時，能同時滿足味蕾，讓毛孩吃得香香、睡得好好● 本產品使用新鮮食材手工烘焙製成，可能產生軟硬口感些微差異/迷迭香雞肉啵棒● 專為毛孩飲食特性設計的肉丁薄片條● 100%鮮肉細磨烘焙，美味好嚼、營養好吸收● 新鮮雞肉磨細成適合毛孩咬吞食的細度，再以手工裁切成方便毛孩舔食的壓丁薄片● 輕輕一折、小小一片，讓主子卡滋卡滋的每一口，都有滿滿肉香、大大滿足
"[""food_snake1_13_pic3.jpg""]",朝貢 조공,鄰居貓 全方位營養肉泥,"[""肉泥""]","[""雞胸肉""]","[""10g/4入""]",[79],針對浪浪毛孩作為主要餵食對象，對於與家人一起生活的狗貓營養成分可能會有些過多較不推薦使用● 一條熱量約10kcal● 朝貢鄰居貓的出發點為幫助浪浪毛孩們更均衡的營養需求！● 使用100%無抗生素雞胸肉作為主要蛋白質！● 富含歐米茄-3、維生素Ｂ、牛磺酸、鈣、必須胺基酸。● 對狗狗和貓貓來說，在體內合成的營養只有通過食品攝取，但是由於沒有家人，食品攝取有限的孩子很難得到必須的營養素，因此開發出此款肉泥。● 使用英國DSM公司的維生素-朝貢鄰居貓的維生素使用世界最大的非拉明製造商英國DSM公司● 朝貢獨有的維生素混合-不使用市售的維生素混合物● 通過與韓國內知名專家、教授團隊等多所高校的緊密合作，調節出不同產品中維生素的比例，製造出朝貢獨有的維生素混合物
"[""food_snake1_14_pic1.jpg"";""food_snake1_14_pic2.jpg""]",朝貢 조공,犬貓用營養肉泥 (多種口味),"[""肉泥""]","[""我愛紅鯛魚"";""雙魚匯(長尾鱈+比目魚)"";""鹿肉""]","[""15g/4入""]",[166;180;270],針對浪浪毛孩作為主要餵食對象，對於與家人一起生活的狗貓營養成分可能會有些過多較不推薦使用● 一條熱量約10kcal● 朝貢鄰居貓的出發點為幫助浪浪毛孩們更均衡的營養需求！● 使用100%無抗生素雞胸肉作為主要蛋白質！● 富含歐米茄-3、維生素Ｂ、牛磺酸、鈣、必須胺基酸。● 對狗狗和貓貓來說，在體內合成的營養只有通過食品攝取，但是由於沒有家人，食品攝取有限的孩子很難得到必須的營養素，因此開發出此款肉泥。● 使用英國DSM公司的維生素-朝貢鄰居貓的維生素使用世界最大的非拉明製造商英國DSM公司● 朝貢獨有的維生素混合-不使用市售的維生素混合物● 通過與韓國內知名專家、教授團隊等多所高校的緊密合作，調節出不同產品中維生素的比例，製造出朝貢獨有的維生素混合物
"[""food_snake1_15_pic1.jpg"";""food_snake1_15_pic2.jpg"";""food_snake1_15_pic3.jpg"";""food_snake1_15_pic4.jpg"";""food_snake1_15_pic5.jpg""]",小犬威利,凍乾點心 (多種口味),"[""凍乾拌料""]","[""活力蘋果"";""纖蔬百匯"";""牛肩里肌"";""嫩腰羊肉"";""雞鴨美胸"";""元氣豚肉"";""皇家鹿肉"";""海味珍鮮""]","[""10g""]",[50;35;90;90;60;60;120;90],● 100%純肉優質蛋白質● 開封即食小零嘴，搭配鮮食美味多變● 挑嘴剋星，補水聖品● 選用人類級當令食材● 適溫熟化，完整殺菌
"[""food_snake1_16_pic1.jpg"";""food_snake1_16_pic2.jpg"";""food_snake1_16_pic3.jpg"";""food_snake1_16_pic4.jpg"";""food_snake1_16_pic5.jpg""]",毛孩食務所,毛孩好棒棒 (多種口味),"[""肉乾肉條""]","[""雞肉"";""羊肉"";""牛肉"";""鱈魚"";""鴨肉""]","[""20g""]",[40],●狗狗專屬的毛孩好棒棒，除了能藉由咬咬釋放心理壓力，同時能作為清潔口腔的好幫手，維持家中毛寶貝的身心健康
"[""food_snake1_17_pic1.jpg"";""food_snake1_17_pic2.jpg"";""food_snake1_17_pic3.jpg"";""food_snake1_17_pic4.jpg"";""food_snake1_17_pic5.jpg""]",汪喵星球,天然起司球,"[""凍乾拌料""]","[""40g/包""]","[""""]",[139],●100%來自澳洲，每口都是滿滿的起司●40g起司球≒350ml牛奶的鈣含量！●百分之百天然起司，口感香濃酥脆●專利凍乾技術，保留自然奶香與高營養●無添加乳化劑、香料與防腐劑
"[""food_snake1_18_pic1.jpg"";""food_snake1_18_pic2.jpg""]",纖嚼,無穀硬潔齒棒 (多種口味),"[""潔牙骨""]","[""蜂蜜椰子"";""南瓜山藥""]","[""S號18支/入""]",[185],●毛孩的健康，從「齒」開始●低致敏保證全方位清潔設計●不只除牙垢同時保健
"[""food_snake1_19_pic1.jpg"";""food_snake1_19_pic2.jpg"";""food_snake1_19_pic3.jpg"";""food_snake1_19_pic4.jpg"";""food_snake1_19_pic5.jpg""]",汪喵星球,香醇零乳糖牛乳,"[""牛奶飲品""]","[""250ml/瓶""]","[""""]",[59],●低敏零乳糖，不易造成腸胃負擔●紐西蘭契作牧場乳源，經RMP管理程序出口●含豐富蛋白質與鈣質，特別推薦幼老孕哺、術後犬貓補充營養
"[""food_snake1_20_pic5.jpg""]",纖嚼,無穀軟潔齒棒 (多種口味),"[""潔牙骨""]","[""草莓"";""薄荷"";""蘋果"";""牛奶"";""柑橘""]","[""S號18支/入""]",[165],●毛孩的健康，從「齒」開始●低致敏保證全方位清潔設計●不只除牙垢同時保健
"[""food_snake1_21_pic1.jpg"";""food_snake1_21_pic2.jpg""]",朝貢 조공,慢燉系列肉泥 (多種口味),"[""肉泥""]","[""人篸鹿茸鴨"";""山藥雞胸肉""]","[""15g/4入""]",[270;199],朝貢系列是使用中藥材和不添加殘肉的蛋白質零食。按照傳統方法，在製作湯藥的甕中精心熬煮8個小時，味道溫和且水分含量高，可同時提供足夠的水分及豐富的營養。
"[""food_snake1_22_pic1.jpg"";""food_snake1_22_pic2.jpg""]",朝貢 조공,營養蔬果肉泥 (多種口味),"[""肉泥""]","[""我愛山羊奶"";""我愛紅螃蟹"";""快樂雞胸肉"";""馬肉""]","[""15g/4入""]",[166;180;180;199],●大自然製作的紅色含有豐富的蕃茄紅素●對於心血管有保護的作用●可加水調和，增加貓咪喝水量●條狀包裝，增加餵食方便性
"[""food_snake1_23_pic1.jpg"";""food_snake1_23_pic2.jpg""]",朝貢 조공,5KM Stick 營養蔬果肉泥 (多種口味),"[""肉泥""]","[""火雞胸肉(助消化)"";""鱈魚(免疫力)"";""雞胸肉(抗氧化)"";""雞胸肉(免疫力)"";""火雞胸肉(助消化)"";""雞胸肉(骨關節)"";""長尾鱈魚(骨關節)"";""烏骨雞(元氣)"";""鵪鶉(活力)""]","[""14g/4入""]",[99;99;99;99;109;99;99;109;109],●大自然製作的紅色含有豐富的蕃茄紅素●對於心血管有保護的作用●可加水調和，增加貓咪喝水量●條狀包裝，增加餵食方便性
"[""food_snake1_24_pic1.jpg"";""food_snake1_24_pic2.jpg"";""food_snake1_24_pic3.jpg"";""food_snake1_24_pic4.jpg"";""food_snake1_24_pic5.jpg""]",寵鮮灶腳,手作零食 - 肉乾系列 (多種口味),"[""肉乾肉條""]","[""低脂雞胸肉"";""脆嚼雞胗"";""鈣質雞軟骨"";""厚切牛板腱"";""黃金雞菲力"";""櫻桃鴨菲力"";""櫻桃鴨脆管"";""潔牙鯊魚軟骨"";""鮮味虱目魚柳"";""台灣牛肺片"";""台灣鵪鶉肉"";""台灣水鹿肉""]","[""80g"",""400g""]",[250;1080;250;0;250;0;250;0;250;1080;250;0;250;0;250;1080;250;0;250;0;250;0;250;0],國家考試檢定合格，人食用等級採低溫烘烤熟成，保有天然食物原萃產地新鮮採購，食材當天現做雞軟骨最天然的潔牙骨！不像雞其他部位的骨頭堅硬，利用三角軟骨的角度，可以深入齒縫將齒垢漸漸帶出丁香魚又稱日本銀帶鯡，台灣四面環海都可捕捉的到，易捕撈、營養價值高，一直是嘗試鮮味的首選雞沒有牙齒！所以賦予強大的肌肉力磨碎食物，在組織纖維上更有嚼勁鯊魚肉中含有大量的蛋白質、脂肪、膠原蛋白以及多種維生素、脂肪酸，鈣、磷、鐵、及煙酸板腱又稱為「嫩肩里肌」，附著於肩胛骨上方的肉，筋多、肉質結實，肌肉纖維多，是做成寵物肉乾的上選部位在無添加訴求下透過鯊魚本身濃郁的鮮味，吸引挑食犬的食慾，在飲食上沒有多餘的負擔鮪魚生長在深海100M至400M的海洋深處，較少接觸到沿岸與近海的污染，味道鮮美一直老饕們的最愛虱目魚味鮮肉美，營養價值成分高，魚肉中含豐富的蛋白質、氨基酸、游離氨、基酸、牛磺酸雞菲力是雞最為珍貴的地方，一隻雞只有兩條菲力，在口感與層次上更勝雞胸肉一籌低脂雞胸肉向來是補充營養的逸品，含脂肪量低、脂肪多為不飽和脂肪酸，減重犬貓的首選
"[""food_snake1_25_pic1.jpg"";""food_snake1_25_pic2.jpg"";""food_snake1_25_pic3.jpg""]",牠說好吃,冷凍乾燥零食 (多種口味),"[""凍乾拌料""]","[""溫體雞胸"";""紐澳牛肉條"";""紐西蘭綠貽貝"";""無毒白蝦仁"";""大魚小魚(爆蛋魚+丁香魚)"";""帆立貝"";""祕魯魷魚丁"";""船凍白帶魚片"";""溫體雞肝"";""鮮凍甜干貝"";""無刺虱目魚柳""]","[""40g""]",[200;230;320;280;300;390;280;180;180;390;280],● 留存食材本身營養● 輕巧、方便攜帶儲存● 低碳水、低脂肪● 使用原肉純天然零添加● 鬆軟質地適合各年齡犬貓
"[""food_snake1_26_pic1.jpg"";""food_snake1_26_pic2.jpg"";""food_snake1_26_pic3.jpg""]",牠說好吃,即期品專區 - 冷凍乾燥零食 紐西蘭綠貽貝,"[""凍乾拌料"";""即期品專區""]","[""紐西蘭綠貽貝40g""]","[""""]",[220],● 留存食材本身營養● 輕巧、方便攜帶儲存● 低碳水、低脂肪● 使用原肉純天然零添加● 鬆軟質地適合各年齡犬貓
"[""food_snake1_27_pic1.jpg"";""food_snake1_27_pic2.jpg""]",派庫廚房,鮮肉凍乾零食 (多種口味),"[""凍乾拌料""]","[""北歐交響鮭"";""虎克鬼頭刀"";""急凍骰子牛"";""香檳鳥下水"";""筋肉胸雞丁"";""酥酥丁香魚"";""櫻桃鴉片管"";""急凍骰子鹿"";""酥卵地瓜球"";""極鮮蝦大廚"";""海灣鮮干貝""]","[""50g""]",[300;300;250;250;250;300;250;250;250;300;250],●均衡飲食增加額外營養成分●100%純肉適口性佳●原肉製造更香更誘惑●加水還原鮮肉增加水分攝取●低溫冷凍乾燥技術台灣製造
"[""food_snake1_28_pic1.jpg"";""food_snake1_28_pic2.jpg""]",ZEA真致,紐西蘭犬貓專用鮮乳,"[""牛奶飲品""]","[""紐西蘭犬貓專用鮮乳"";""貓用保健鮮乳"";""犬用保健鮮乳""]","[""380ml"",""1000ml""]",[95;155;95;0;95;0],●犬貓都愛喝鮮乳，但犬貓不易消化乳糖，ZEAL使用不含乳糖的牛奶製作，讓寵物喝得無負擔●本品含有牛磺酸、鈣、鎂、磷、鉀、維生素A、B1、B2、B3、B5、B6、B9、B12、D、E適用對象：犬貓、小動物
"[""food_snake1_29_pic1.jpg"";""food_snake1_29_pic2.jpg""]",朝貢 조공,조공 玉筋魚 海鮮凍乾,"[""凍乾拌料""]","[""玉筋魚""]","[""15g""]",[99],●犬貓皆能吃，採用冷凍乾燥技術●好吃又天然，好剝斷，味道又很好！適用對象：全年齡犬貓
"[""food_snake1_30_pic2.jpg""]",朝貢 조공,迷你型海鮮凍乾 (兩種口味),"[""凍乾拌料""]","[""鱈魚"";""比目魚""]","[""17g"",""50g"",""150g(大包裝)""]",[169;325;850;169;325;850],● 犬貓皆可食用！● 酥脆的凍乾可以很容易的用手製成粉末狀加入飼料裡增加風味●100%鱈魚(阿拉斯加)使用最新凍乾製程，將新鮮度鎖起來● 凍乾嗜口性佳● 每塊凍乾熱量極低為訓練獎勵無需擔心攝取卡路里過高● 凍乾體積小適合與毛小孩玩嗅聞遊戲增加互動● 瓶身包裝輕巧方便出門攜帶
"[""food_snake1_31_pic1.jpg"";""food_snake1_31_pic2.jpg""]",自然食,貓狗手作零食 (多種口味),"[""肉乾肉條""]","[""雞肉啵吉"";""雞肉南瓜啵吉"";""牛肉亞麻籽啵卡"";""虱目魚啵吉"";""鱸魚啵卡""]","[""70g""]",[198;198;198;198;220],狗貓寵物零食推薦，牛絞肉混入適量亞麻籽，製作成條狀，狗狗貓咪更好入口！低溫烘烤後混合著亞麻籽的植物清香，還可以幫毛孩補充膳食纖維，幫助犬貓腸道保健！GanedenBC30專利芽孢乳酸菌+LJ88約氏乳桿菌+日本專利LTK竹內乳酸菌，共三大專利菌及16支複合乳酸菌
"[""food_snake1_32_pic2.jpg""]",飼糧倉,毛孩手做零食 (多種口味),"[""肉乾肉條""]","[""原味雞肉條"";""起司雞肉條"";""台農地瓜雞肉條"";""爆毛鱉蛋雞肉條"";""原味羊肉條"";""美式藍莓羊肉條"";""原味牛肉條"";""紫芋地瓜牛肉條"";""起司牛肉條""]","[""120g""]",[250;240;240;250;250;250;250;250;250],起司牛肉條● 牛肉香氣適口性● 牛肉天然補鐵、優質蛋白質、好健勇● 起司香氣搭配鮮嫩雞肉，絕佳新體驗● 口感-香Q肉條、不加鹽、不加糖、不添加油/紫芋地瓜牛肉條● 紫芋地瓜-微清甜~營養價值高● 牛肉含鐵量多！頭好壯壯！● 不添加人工香料，不添加防腐劑● 口感-香/Q肉條、不加鹽、不加糖、不加油/原味牛肉條● 超絕新鮮味道！● 牛肉香氣適口性！● 牛肉天然補鐵、優質蛋白質、好健勇● 不添加人工香料，不添加防腐劑● 口感-香Q肉條、不加鹽、不加糖、不添加油/美式藍莓羊肉條● 羊肉低過敏，適合敏感毛孩● 天然手作，原肉原味，無香精、無香料、無防腐劑● 羊肉富含蛋白質、脂肪、維生素及鈣、鐵、磷等多種營養物質● 藍莓亦富含維生素E、A、B、SOD（超氧化歧化酵素）、熊果苷、蛋白質、纖維、果膠以及豐富的鉀、鐵、鋅、鈣等礦物質元素/原味羊肉條● 羊肉低敏，適合敏感毛孩● 天然手作，原肉原味，無香精、無香料、無防腐劑● 羊肉富含蛋白質、脂肪、維生素及鈣、鐵、磷等多種營養物質/鱉蛋雞肉條● 超絕新鮮味道！● 嚴選認證本土低脂雞胸肉品，低脂肪高蛋白● 新鮮鱉蛋具有豐富蛋白質及卵磷脂● 口感-香Q、不加鹽、不加糖、不加油/台農地瓜雞肉條● 嚴選本土雞肉製作，低脂高蛋白● 原味雞肉香濃、好吃不負擔● 口感-香Q肉條、不加鹽、不加糖、不加油● 台農地瓜-富含膳食纖維、能增加飽足感/起司雞肉條● 嚴選認證本土低脂雞胸肉品，低脂肪高蛋白● 起司香氣搭配鮮嫩雞肉，絕佳新體驗● 口感-香Q肉條、不加鹽、不加糖、不添加油/原味雞肉條● 嚴選大成低脂雞肉製作，口感吃得出新鮮● 原味雞肉香濃、好吃不負擔● 口感-香Q肉條、不加鹽、不加糖、不加油
"[""food_snake1_33_pic1.jpg"";""food_snake1_33_pic2.jpg""]",汪喵星球,原肉零食 (多種口味),"[""凍乾拌料""]","[""雞胸肉"";""雞肉鬆"";""咬咬雞胗"";""骰子牛"";""牛肉鬆"";""骰子羊"";""菇菇鰹魚鬆"";""爆蛋柳葉魚"";""澎湖丁香魚"";""長盈虱目魚"";""府城火燒蝦"";""北歐鯡魚"";""鮮脆小卷"";""北海道大干貝"";""咬咬火雞筋"";""滋補牛心丁""]","[""50g""]",[180;180;180;210;210;240;240;260;260;320;320;180;180;350;180;180],汪喵凍乾小零嘴可常溫保存，因採用目前最好的「冷凍乾燥技術製作」除食材本身營養無其他添加物，給毛孩自然無負擔的寵愛。以上圖文資訊來源：汪喵星球官方網站https://www.dogcatstar.com/
"[""food_snake1_34_pic1.jpg"";""food_snake1_34_pic2.jpg""]",KiWi Pet,天然原肉凍乾零食 (多種口味),"[""凍乾拌料""]","[""鹿肉餅"";""羊肉餅"";""袋鼠肉餅"";""沙丁牛肉球"";""深海鮭魚塊""]","[""50g""]",[270],●100%紐澳純天然食材●冷凍乾燥技術保存滿滿營養●無添加防腐劑及調味料●香濃鮮肉風味毛孩最愛
"[""food_snake1_35_pic2.jpg""]",飼糧倉,即期品專區 - 毛孩手做零食 (多種口味),"[""肉乾肉條"";""即期品專區""]","[""美式藍莓羊肉條120g"";""原味牛肉條120g"";""起司牛肉條120g""]","[""""]",[120],起司牛肉條● 牛肉香氣適口性● 牛肉天然補鐵、優質蛋白質、好健勇● 起司香氣搭配鮮嫩雞肉，絕佳新體驗● 口感-香Q肉條、不加鹽、不加糖、不添加油/紫芋地瓜牛肉條● 紫芋地瓜-微清甜~營養價值高● 牛肉含鐵量多！頭好壯壯！● 不添加人工香料，不添加防腐劑● 口感-香/Q肉條、不加鹽、不加糖、不加油/原味牛肉條● 超絕新鮮味道！● 牛肉香氣適口性！● 牛肉天然補鐵、優質蛋白質、好健勇● 不添加人工香料，不添加防腐劑● 口感-香Q肉條、不加鹽、不加糖、不添加油/美式藍莓羊肉條● 羊肉低過敏，適合敏感毛孩● 天然手作，原肉原味，無香精、無香料、無防腐劑● 羊肉富含蛋白質、脂肪、維生素及鈣、鐵、磷等多種營養物質● 藍莓亦富含維生素E、A、B、SOD（超氧化歧化酵素）、熊果苷、蛋白質、纖維、果膠以及豐富的鉀、鐵、鋅、鈣等礦物質元素/原味羊肉條● 羊肉低敏，適合敏感毛孩● 天然手作，原肉原味，無香精、無香料、無防腐劑● 羊肉富含蛋白質、脂肪、維生素及鈣、鐵、磷等多種營養物質/鱉蛋雞肉條● 超絕新鮮味道！● 嚴選認證本土低脂雞胸肉品，低脂肪高蛋白● 新鮮鱉蛋具有豐富蛋白質及卵磷脂● 口感-香Q、不加鹽、不加糖、不加油/台農地瓜雞肉條● 嚴選本土雞肉製作，低脂高蛋白● 原味雞肉香濃、好吃不負擔● 口感-香Q肉條、不加鹽、不加糖、不加油● 台農地瓜-富含膳食纖維、能增加飽足感/起司雞肉條● 嚴選認證本土低脂雞胸肉品，低脂肪高蛋白● 起司香氣搭配鮮嫩雞肉，絕佳新體驗● 口感-香Q肉條、不加鹽、不加糖、不添加油/原味雞肉條● 嚴選大成低脂雞肉製作，口感吃得出新鮮● 原味雞肉香濃、好吃不負擔● 口感-香Q肉條、不加鹽、不加糖、不加油
"[""food_snake1_36_pic1.jpg"";""food_snake1_36_pic2.jpg"";""food_snake1_36_pic3.jpg"";""food_snake1_36_pic4.jpg""]",派庫廚房,烘焙肉乾零食 (多種口味),"[""肉乾肉條""]","[""吮指蜜汁雞(犬用)"";""吮指麻花牛(犬用)"";""花椰菜雞塊(犬用)"";""蔓越莓牛酥(犬用)"";""牛肉吉士餅(犬用)"";""健骨鮪魚丁(貓用)"";""貓草鮭魚丁(貓用)"";""勁刨香鱈片(貓用)""]","[""90g""]",[199;199;199;199;199;109;109;109],● 低溫手工烘培
"[""food_snake1_37_pic1.jpg"";""food_snake1_37_pic2.jpg""]",陪心寵糧,C'est bon 輕奢肉泥泥 (多種口味),"[""肉泥""]","[""主廚干貝蝦"";""黑莓嫩鴨胸"";""海陸玉子蒸"";""厚乳佐嫩雞"";""松露舒肥牛"";""明太子鮭魚"";""田園烤火雞""]","[""12g/4入""]",[79],●高肉含量，吃得到微肉口感●機能添加精準守護毛孩健康●減磷減納美味也可以無負擔
"[""food_snake1_38_pic2.jpg""]",寵心出發,100%天然營養蔬果肉泥 (多種口味),"[""肉泥""]","[""泥好！大力水手"";""泥好！鳳菲菲"";""泥好！布藍泥"";""泥好！陸小蔓"";""泥好！南助褐"";""泥好！鮭山島""]","[""18g/4入""]",[99],● 100%天然營養蔬果肉泥● 無增稠劑、無色素、無調味劑● 低磷配方，完美鈣磷比1:1.1
"[""food_snake1_39_pic2.jpg""]",牠說好吃,冷凍乾燥零食 隨身包系列 (多種口味),"[""凍乾拌料""]","[""鹿兒島丁香魚"";""干貝溫體雞胸"";""貝比玉米筍"";""球芽甘藍"";""低鹽高鈣小起司""]","[""15g""]",[150;150;120;120;150],● 留存食材本身營養● 輕巧、方便攜帶儲存● 低碳水、低脂肪● 使用原肉純天然零添加● 鬆軟質地適合各年齡犬貓
"[""food_snake1_40_pic1.jpg"";""food_snake1_40_pic2.jpg"";""food_snake1_40_pic3.jpg"";""food_snake1_40_pic4.jpg"";""food_snake1_40_pic5.jpg""]",想比比,即期品專區 - 凍乾零食 紐西蘭綠唇貽貝,"[""凍乾拌料"";""即期品專區""]","[""紐西蘭綠唇貽貝30g""]","[""""]",[160],● 使用頂級的「冷凍乾燥」技術，有別於以往的高溫烘烤更健康！● 想比比選用人食等級的食材製作，天然無添加，奴才們也可以食用哦！● 通過專業認證● 全系列原肉凍乾零食通過重金屬檢驗
"[""food_snake1_41_pic1.jpg"";""food_snake1_41_pic2.jpg"";""food_snake1_41_pic3.jpg"";""food_snake1_41_pic4.jpg"";""food_snake1_41_pic5.jpg""]",小犬威利,即期品專區 - 凍乾點心,"[""凍乾拌料"";""即期品專區""]","[""海味珍鮮15g""]","[""""]",[60],● 100%純肉優質蛋白質● 開封即食小零嘴，搭配鮮食美味多變● 挑嘴剋星，補水聖品● 選用人類級當令食材● 適溫熟化，完整殺菌
"[""food_snake1_42_pic1.jpg"";""food_snake1_42_pic2.jpg""]",YORA,蟲蟲潔牙棒 - 小型犬,"[""潔牙骨""]","[""蟲蟲潔牙棒""]","[""""]",[250],牙菌斑和壞口氣都走開！YORA蟲蟲潔牙棒獨特造型的結構以及天然活性成分，幫助減少牙菌斑和牙垢形成的機率，其中富含生物可利用的鈣質用以幫助牙齒強健，蘋果和薄荷用以幫助口氣清新，以及大量健康蟲蟲，是一種超級食物蛋白質。●適合小型/中型犬●特殊纖維幫助牙垢去除●六偏磷酸鈉幫助牙垢控制●低過敏性●4個月以上的狗狗使用
"[""food_snake1_43_pic1.jpg"";""food_snake1_43_pic2.jpg""]",YowUP,犬用低卡無糖寵物優格 - 115g,"[""牛奶飲品""]","[""低卡無糖寵物優格""]","[""115g""]",[90],●幫助好菌生長的益生元！●0%乳糖、0%脂肪、0%糖份、豐富鈣質及益生元●滑順濃厚、高適口性、無人工防腐劑●開封前可室溫保存●西班牙原裝進口
"[""food_snake1_44_pic2.jpg""]",Hyperr 超躍,卜派嫩丁犬用機能零食 (多種口味),"[""肉乾肉條""]","[""腸保健康"";""皮毛養護"";""關節保健""]","[""30g""]",[100],皮毛養護:LP28國際專利高活性菌種，臨床實證有效提升腸道優勢好菌，平衡腸胃道菌叢，達到強化皮膚健康的作用，抵禦環境過敏原。腸保健康:美國益生菌領導品牌專利菌BC30®，全球唯一獲雙GRAS認證。增加腸道好菌，緩解消化不良，提升蛋白質吸收及利用率。提升自然抵抗力，殲滅病原。關節保健:美國專利UC‧II，關鍵抗原力，提升關節保護力。富含抗發炎反應因子，防止骨關節損傷及惡化，幫助軟骨癒合再生。
"[""food_snake1_45_pic1.jpg"";""food_snake1_45_pic2.jpg"";""food_snake1_45_pic3.jpg"";""food_snake1_45_pic4.jpg"";""food_snake1_45_pic5.jpg""]",SOFTREAT,狗狗香軟凍乾 (多種口味),"[""凍乾拌料""]","[""袋鼠""]","[""3g/15入""]",[450],●針對狗狗特性而設計SOFTREAT狗狗香軟凍乾●採用最天然且無添加食材而製成●設計成適合狗狗吞嚥與消化●鬆軟易食、好消化、採獨立小包裝●一次一包、一盒有15包，易於保存與攜帶●非常適合作為玩耍時的獎勵或是訓練用零食●可以打碎拌在食物或水中來增加狗狗食慾、飲水量
"[""food_snake1_46_pic1.jpg"";""food_snake1_46_pic2.jpg"";""food_snake1_46_pic3.jpg""]",牠說好吃,即期品專區 - 冷凍乾燥零食 帆立貝,"[""凍乾拌料"";""即期品專區""]","[""帆立貝30g""]","[""""]",[130],● 留存食材本身營養● 輕巧、方便攜帶儲存● 低碳水、低脂肪● 使用原肉純天然零添加● 鬆軟質地適合各年齡犬貓
